{
  "updateBooking" : {
    "transaction" : "updateBooking",
    "sampleCount" : 10,
    "errorCount" : 0,
    "errorPct" : 0.0,
    "meanResTime" : 310.0,
    "medianResTime" : 309.5,
    "minResTime" : 304.0,
    "maxResTime" : 318.0,
    "pct1ResTime" : 317.9,
    "pct2ResTime" : 318.0,
    "pct3ResTime" : 318.0,
    "throughput" : 5.868544600938967,
    "receivedKBytesPerSec" : 5.236988336267606,
    "sentKBytesPerSec" : 2.5331022593896715
  },
  "auth" : {
    "transaction" : "auth",
    "sampleCount" : 10,
    "errorCount" : 0,
    "errorPct" : 0.0,
    "meanResTime" : 1793.3,
    "medianResTime" : 1819.5,
    "minResTime" : 1373.0,
    "maxResTime" : 2087.0,
    "pct1ResTime" : 2087.0,
    "pct2ResTime" : 2087.0,
    "pct3ResTime" : 2087.0,
    "throughput" : 4.791566842357451,
    "receivedKBytesPerSec" : 3.6123921897460467,
    "sentKBytesPerSec" : 1.1323820076665068
  },
  "Total" : {
    "transaction" : "Total",
    "sampleCount" : 60,
    "errorCount" : 0,
    "errorPct" : 0.0,
    "meanResTime" : 671.183333333333,
    "medianResTime" : 312.5,
    "minResTime" : 301.0,
    "maxResTime" : 2087.0,
    "pct1ResTime" : 1859.1,
    "pct2ResTime" : 2060.7,
    "pct3ResTime" : 2087.0,
    "throughput" : 11.10494169905608,
    "receivedKBytesPerSec" : 70.75785443272257,
    "sentKBytesPerSec" : 3.238941328891357
  },
  "deleteBooking" : {
    "transaction" : "deleteBooking",
    "sampleCount" : 10,
    "errorCount" : 0,
    "errorPct" : 0.0,
    "meanResTime" : 308.90000000000003,
    "medianResTime" : 309.0,
    "minResTime" : 302.0,
    "maxResTime" : 315.0,
    "pct1ResTime" : 314.9,
    "pct2ResTime" : 315.0,
    "pct3ResTime" : 315.0,
    "throughput" : 5.830903790087463,
    "receivedKBytesPerSec" : 4.274098032069971,
    "sentKBytesPerSec" : 1.3666180758017492
  },
  "getBooking" : {
    "transaction" : "getBooking",
    "sampleCount" : 10,
    "errorCount" : 0,
    "errorPct" : 0.0,
    "meanResTime" : 996.1,
    "medianResTime" : 926.0,
    "minResTime" : 607.0,
    "maxResTime" : 1998.0,
    "pct1ResTime" : 1961.4,
    "pct2ResTime" : 1998.0,
    "pct3ResTime" : 1998.0,
    "throughput" : 5.005005005005005,
    "receivedKBytesPerSec" : 170.34123967717719,
    "sentKBytesPerSec" : 0.6696149274274275
  },
  "partialUpdateBooking" : {
    "transaction" : "partialUpdateBooking",
    "sampleCount" : 10,
    "errorCount" : 0,
    "errorPct" : 0.0,
    "meanResTime" : 309.9,
    "medianResTime" : 311.0,
    "minResTime" : 301.0,
    "maxResTime" : 316.0,
    "pct1ResTime" : 315.8,
    "pct2ResTime" : 316.0,
    "pct3ResTime" : 316.0,
    "throughput" : 5.8582308142940835,
    "receivedKBytesPerSec" : 5.243803090216755,
    "sentKBytesPerSec" : 1.653348345049795
  },
  "createBooking" : {
    "transaction" : "createBooking",
    "sampleCount" : 10,
    "errorCount" : 0,
    "errorPct" : 0.0,
    "meanResTime" : 308.90000000000003,
    "medianResTime" : 309.5,
    "minResTime" : 302.0,
    "maxResTime" : 314.0,
    "pct1ResTime" : 313.8,
    "pct2ResTime" : 314.0,
    "pct3ResTime" : 314.0,
    "throughput" : 5.889281507656066,
    "receivedKBytesPerSec" : 5.429181389870436,
    "sentKBytesPerSec" : 2.542053150765607
  }
}